{
    "name": "Target 1",
    "type": "C51",
    "mode": "Release",
    "dependenceList": [
        {
            "groupName": "custom",
            "depList": [
                {
                    "name": "default",
                    "incList": [],
                    "libList": [],
                    "sourceDirList": [],
                    "defineList": []
                }
            ]
        }
    ],
    "compileConfig": {
        "optimizationLevel": "8",
        "optimizationType": "1",
        "ramMode": "SMALL",
        "romMode": "LARGE",
        "removeUnusedCode": true
    },
    "srcDirs": [
        ".\\src"
    ],
    "outDir": ".\\out"
}